[
    {
        "cmd": "receive-switch-on",
        "type": 0,
        "description": "SCU#13",
        "endpoint": 13,
        "check-rules": [],
        "actions": [
            {
                "cmd": "level-move-to",
                "mac-addr": "d0:14:11:b0:03:33",
                "endpoint": 3,
                "leve": 255,
                "duration": 50,
                "timeout-ms": 1000,
                "delay-ms": 0
            }
        ]
    },
    {
        "cmd": "receive-switch-on",
        "type": 0,
        "description": "SCU#14",
        "endpoint": 14,
        "check-rules": [],
        "actions": [
            {
                "cmd": "level-move-to",
                "mac-addr": "d0:14:11:b0:03:33",
                "endpoint": 2,
                "leve": 255,
                "duration": 50,
                "timeout-ms": 1000,
                "delay-ms": 0
            }
        ]
    },
    {
        "cmd": "receive-switch-on",
        "type": 0,
        "description": "SCU#15",
        "endpoint": 15,
        "check-rules": [],
        "actions": [
            {
                "cmd": "level-move-to",
                "mac-addr": "d0:14:11:b0:03:33",
                "endpoint": 1,
                "leve": 255,
                "duration": 50,
                "timeout-ms": 1000,
                "delay-ms": 0
            }
        ]
    },
    {
        "cmd": "receive-switch-on",
        "type": 0,
        "description": "SCU#49",
        "endpoint": 49,
        "check-rules": [],
        "actions": [
            {
                "cmd": "level-move-to",
                "mac-addr": "d0:14:11:b0:03:33",
                "endpoint": 4,
                "leve": 255,
                "duration": 50,
                "timeout-ms": 1000,
                "delay-ms": 0
            }
        ]
    },
    {
        "cmd": "receive-switch-on",
        "type": 0,
        "description": "SCU#50",
        "endpoint": 50,
        "check-rules": [],
        "actions": [
            {
                "cmd": "level-move-to",
                "mac-addr": "d0:14:11:b0:03:28",
                "endpoint": 4,
                "leve": 255,
                "duration": 50,
                "timeout-ms": 1000,
                "delay-ms": 0
            }
        ]
    },
    {
        "cmd": "receive-switch-on",
        "type": 0,
        "description": "SCU#55",
        "endpoint": 55,
        "check-rules": [],
        "actions": [
            {
                "cmd": "level-move-to",
                "mac-addr": "d0:14:11:b0:03:28",
                "endpoint": 1,
                "leve": 255,
                "duration": 50,
                "timeout-ms": 1000,
                "delay-ms": 0
            }
        ]
    },
    {
        "cmd": "receive-switch-on",
        "type": 0,
        "description": "SCU#56",
        "endpoint": 56,
        "check-rules": [],
        "actions": [
            {
                "cmd": "level-move-to",
                "mac-addr": "d0:14:11:b0:03:28",
                "endpoint": 2,
                "leve": 255,
                "duration": 50,
                "timeout-ms": 1000,
                "delay-ms": 0
            }
        ]
    },
    {
        "cmd": "receive-switch-on",
        "type": 0,
        "description": "SCU#57",
        "endpoint": 57,
        "check-rules": [],
        "actions": [
            {
                "cmd": "level-move-to",
                "mac-addr": "d0:14:11:b0:03:28",
                "endpoint": 3,
                "leve": 255,
                "duration": 50,
                "timeout-ms": 1000,
                "delay-ms": 0
            }
        ]
    },
    {
        "cmd": "receive-switch-on",
        "type": 0,
        "description": "SCU#61",
        "endpoint": 61,
        "check-rules": [],
        "actions": [
            {
                "cmd": "level-move-to",
                "mac-addr": "d0:14:11:b0:03:33",
                "endpoint": 2,
                "leve": 255,
                "duration": 50,
                "timeout-ms": 1000,
                "delay-ms": 0
            }
        ]
    },
    {
        "cmd": "receive-switch-on",
        "type": 0,
        "description": "SCU#62",
        "endpoint": 62,
        "check-rules": [],
        "actions": [
            {
                "cmd": "level-move-to",
                "mac-addr": "d0:14:11:b0:03:33",
                "endpoint": 3,
                "leve": 255,
                "duration": 50,
                "timeout-ms": 1000,
                "delay-ms": 0
            }
        ]
    },
    {
        "cmd": "receive-switch-on",
        "type": 0,
        "description": "SCU#67",
        "endpoint": 67,
        "check-rules": [],
        "actions": [
            {
                "cmd": "level-move-to",
                "mac-addr": "d0:14:11:b0:03:33",
                "endpoint": 2,
                "leve": 255,
                "duration": 50,
                "timeout-ms": 1000,
                "delay-ms": 0
            }
        ]
    },
    {
        "cmd": "receive-switch-on",
        "type": 0,
        "description": "SCU#68",
        "endpoint": 68,
        "check-rules": [],
        "actions": [
            {
                "cmd": "level-move-to",
                "mac-addr": "d0:14:11:b0:03:33",
                "endpoint": 1,
                "leve": 255,
                "duration": 50,
                "timeout-ms": 1000,
                "delay-ms": 0
            }
        ]
    },
    {
        "cmd": "switch-on",
        "type": 0,
        "description": "SCU#13",
        "endpoint": 13,
        "check-rules": [],
        "actions": [
            {
                "cmd": "level-move-to",
                "mac-addr": "d0:14:11:b0:03:33",
                "endpoint": 3,
                "leve": 255,
                "duration": 50,
                "timeout-ms": 1000,
                "delay-ms": 0
            }
        ]
    },
    {
        "cmd": "switch-on",
        "type": 0,
        "description": "SCU#14",
        "endpoint": 14,
        "check-rules": [],
        "actions": [
            {
                "cmd": "level-move-to",
                "mac-addr": "d0:14:11:b0:03:33",
                "endpoint": 2,
                "leve": 255,
                "duration": 50,
                "timeout-ms": 1000,
                "delay-ms": 0
            }
        ]
    },
    {
        "cmd": "switch-on",
        "type": 0,
        "description": "SCU#15",
        "endpoint": 15,
        "check-rules": [],
        "actions": [
            {
                "cmd": "level-move-to",
                "mac-addr": "d0:14:11:b0:03:33",
                "endpoint": 1,
                "leve": 255,
                "duration": 50,
                "timeout-ms": 1000,
                "delay-ms": 0
            }
        ]
    },
    {
        "cmd": "switch-on",
        "type": 0,
        "description": "SCU#49",
        "endpoint": 49,
        "check-rules": [],
        "actions": [
            {
                "cmd": "level-move-to",
                "mac-addr": "d0:14:11:b0:03:33",
                "endpoint": 4,
                "leve": 255,
                "duration": 50,
                "timeout-ms": 1000,
                "delay-ms": 0
            }
        ]
    },
    {
        "cmd": "switch-on",
        "type": 0,
        "description": "SCU#50",
        "endpoint": 50,
        "check-rules": [],
        "actions": [
            {
                "cmd": "level-move-to",
                "mac-addr": "d0:14:11:b0:03:28",
                "endpoint": 4,
                "leve": 255,
                "duration": 50,
                "timeout-ms": 1000,
                "delay-ms": 0
            }
        ]
    },
    {
        "cmd": "switch-on",
        "type": 0,
        "description": "SCU#55",
        "endpoint": 55,
        "check-rules": [],
        "actions": [
            {
                "cmd": "level-move-to",
                "mac-addr": "d0:14:11:b0:03:28",
                "endpoint": 1,
                "leve": 255,
                "duration": 50,
                "timeout-ms": 1000,
                "delay-ms": 0
            }
        ]
    },
    {
        "cmd": "switch-on",
        "type": 0,
        "description": "SCU#56",
        "endpoint": 56,
        "check-rules": [],
        "actions": [
            {
                "cmd": "level-move-to",
                "mac-addr": "d0:14:11:b0:03:28",
                "endpoint": 2,
                "leve": 255,
                "duration": 50,
                "timeout-ms": 1000,
                "delay-ms": 0
            }
        ]
    },
    {
        "cmd": "switch-on",
        "type": 0,
        "description": "SCU#57",
        "endpoint": 57,
        "check-rules": [],
        "actions": [
            {
                "cmd": "level-move-to",
                "mac-addr": "d0:14:11:b0:03:28",
                "endpoint": 3,
                "leve": 255,
                "duration": 50,
                "timeout-ms": 1000,
                "delay-ms": 0
            }
        ]
    },
    {
        "cmd": "switch-on",
        "type": 0,
        "description": "SCU#61",
        "endpoint": 61,
        "check-rules": [],
        "actions": [
            {
                "cmd": "level-move-to",
                "mac-addr": "d0:14:11:b0:03:33",
                "endpoint": 2,
                "leve": 255,
                "duration": 50,
                "timeout-ms": 1000,
                "delay-ms": 0
            }
        ]
    },
    {
        "cmd": "switch-on",
        "type": 0,
        "description": "SCU#62",
        "endpoint": 62,
        "check-rules": [],
        "actions": [
            {
                "cmd": "level-move-to",
                "mac-addr": "d0:14:11:b0:03:33",
                "endpoint": 3,
                "leve": 255,
                "duration": 50,
                "timeout-ms": 1000,
                "delay-ms": 0
            }
        ]
    },
    {
        "cmd": "switch-on",
        "type": 0,
        "description": "SCU#67",
        "endpoint": 67,
        "check-rules": [],
        "actions": [
            {
                "cmd": "level-move-to",
                "mac-addr": "d0:14:11:b0:03:33",
                "endpoint": 2,
                "leve": 255,
                "duration": 50,
                "timeout-ms": 1000,
                "delay-ms": 0
            }
        ]
    },
    {
        "cmd": "switch-on",
        "type": 0,
        "description": "SCU#68",
        "endpoint": 68,
        "check-rules": [],
        "actions": [
            {
                "cmd": "level-move-to",
                "mac-addr": "d0:14:11:b0:03:33",
                "endpoint": 1,
                "leve": 255,
                "duration": 50,
                "timeout-ms": 1000,
                "delay-ms": 0
            }
        ]
    },
    {
        "cmd": "receive-switch-off",
        "type": 0,
        "description": "SCU#13",
        "endpoint": 13,
        "check-rules": [],
        "actions": [
            {
                "cmd": "level-move-to",
                "mac-addr": "d0:14:11:b0:03:33",
                "endpoint": 3,
                "leve": 0,
                "duration": 50,
                "timeout-ms": 1000,
                "delay-ms": 0
            }
        ]
    },
    {
        "cmd": "receive-switch-off",
        "type": 0,
        "description": "SCU#14",
        "endpoint": 14,
        "check-rules": [],
        "actions": [
            {
                "cmd": "level-move-to",
                "mac-addr": "d0:14:11:b0:03:33",
                "endpoint": 2,
                "leve": 0,
                "duration": 50,
                "timeout-ms": 1000,
                "delay-ms": 0
            }
        ]
    },
    {
        "cmd": "receive-switch-off",
        "type": 0,
        "description": "SCU#15",
        "endpoint": 15,
        "check-rules": [],
        "actions": [
            {
                "cmd": "level-move-to",
                "mac-addr": "d0:14:11:b0:03:33",
                "endpoint": 1,
                "leve": 0,
                "duration": 50,
                "timeout-ms": 1000,
                "delay-ms": 0
            }
        ]
    },
    {
        "cmd": "receive-switch-off",
        "type": 0,
        "description": "SCU#49",
        "endpoint": 49,
        "check-rules": [],
        "actions": [
            {
                "cmd": "level-move-to",
                "mac-addr": "d0:14:11:b0:03:33",
                "endpoint": 4,
                "leve": 0,
                "duration": 50,
                "timeout-ms": 1000,
                "delay-ms": 0
            }
        ]
    },
    {
        "cmd": "receive-switch-off",
        "type": 0,
        "description": "SCU#50",
        "endpoint": 50,
        "check-rules": [],
        "actions": [
            {
                "cmd": "level-move-to",
                "mac-addr": "d0:14:11:b0:03:28",
                "endpoint": 4,
                "leve": 0,
                "duration": 50,
                "timeout-ms": 1000,
                "delay-ms": 0
            }
        ]
    },
    {
        "cmd": "receive-switch-off",
        "type": 0,
        "description": "SCU#55",
        "endpoint": 55,
        "check-rules": [],
        "actions": [
            {
                "cmd": "level-move-to",
                "mac-addr": "d0:14:11:b0:03:28",
                "endpoint": 1,
                "leve": 0,
                "duration": 50,
                "timeout-ms": 1000,
                "delay-ms": 0
            }
        ]
    },
    {
        "cmd": "receive-switch-off",
        "type": 0,
        "description": "SCU#56",
        "endpoint": 56,
        "check-rules": [],
        "actions": [
            {
                "cmd": "level-move-to",
                "mac-addr": "d0:14:11:b0:03:28",
                "endpoint": 2,
                "leve": 0,
                "duration": 50,
                "timeout-ms": 1000,
                "delay-ms": 0
            }
        ]
    },
    {
        "cmd": "receive-switch-off",
        "type": 0,
        "description": "SCU#57",
        "endpoint": 57,
        "check-rules": [],
        "actions": [
            {
                "cmd": "level-move-to",
                "mac-addr": "d0:14:11:b0:03:28",
                "endpoint": 3,
                "leve": 0,
                "duration": 50,
                "timeout-ms": 1000,
                "delay-ms": 0
            }
        ]
    },
    {
        "cmd": "receive-switch-off",
        "type": 0,
        "description": "SCU#61",
        "endpoint": 61,
        "check-rules": [],
        "actions": [
            {
                "cmd": "level-move-to",
                "mac-addr": "d0:14:11:b0:03:33",
                "endpoint": 2,
                "leve": 0,
                "duration": 50,
                "timeout-ms": 1000,
                "delay-ms": 0
            }
        ]
    },
    {
        "cmd": "receive-switch-off",
        "type": 0,
        "description": "SCU#62",
        "endpoint": 62,
        "check-rules": [],
        "actions": [
            {
                "cmd": "level-move-to",
                "mac-addr": "d0:14:11:b0:03:33",
                "endpoint": 3,
                "leve": 0,
                "duration": 50,
                "timeout-ms": 1000,
                "delay-ms": 0
            }
        ]
    },
    {
        "cmd": "receive-switch-off",
        "type": 0,
        "description": "SCU#67",
        "endpoint": 67,
        "check-rules": [],
        "actions": [
            {
                "cmd": "level-move-to",
                "mac-addr": "d0:14:11:b0:03:33",
                "endpoint": 2,
                "leve": 0,
                "duration": 50,
                "timeout-ms": 1000,
                "delay-ms": 0
            }
        ]
    },
    {
        "cmd": "receive-switch-off",
        "type": 0,
        "description": "SCU#68",
        "endpoint": 68,
        "check-rules": [],
        "actions": [
            {
                "cmd": "level-move-to",
                "mac-addr": "d0:14:11:b0:03:33",
                "endpoint": 1,
                "leve": 0,
                "duration": 50,
                "timeout-ms": 1000,
                "delay-ms": 0
            }
        ]
    },
    {
        "cmd": "switch-off",
        "type": 0,
        "description": "SCU#13",
        "endpoint": 13,
        "check-rules": [],
        "actions": [
            {
                "cmd": "level-move-to",
                "mac-addr": "d0:14:11:b0:03:33",
                "endpoint": 3,
                "leve": 0,
                "duration": 50,
                "timeout-ms": 1000,
                "delay-ms": 0
            }
        ]
    },
    {
        "cmd": "switch-off",
        "type": 0,
        "description": "SCU#14",
        "endpoint": 14,
        "check-rules": [],
        "actions": [
            {
                "cmd": "level-move-to",
                "mac-addr": "d0:14:11:b0:03:33",
                "endpoint": 2,
                "leve": 0,
                "duration": 50,
                "timeout-ms": 1000,
                "delay-ms": 0
            }
        ]
    },
    {
        "cmd": "switch-off",
        "type": 0,
        "description": "SCU#15",
        "endpoint": 15,
        "check-rules": [],
        "actions": [
            {
                "cmd": "level-move-to",
                "mac-addr": "d0:14:11:b0:03:33",
                "endpoint": 1,
                "leve": 0,
                "duration": 50,
                "timeout-ms": 1000,
                "delay-ms": 0
            }
        ]
    },
    {
        "cmd": "switch-off",
        "type": 0,
        "description": "SCU#49",
        "endpoint": 49,
        "check-rules": [],
        "actions": [
            {
                "cmd": "level-move-to",
                "mac-addr": "d0:14:11:b0:03:33",
                "endpoint": 4,
                "leve": 0,
                "duration": 50,
                "timeout-ms": 1000,
                "delay-ms": 0
            }
        ]
    },
    {
        "cmd": "switch-off",
        "type": 0,
        "description": "SCU#50",
        "endpoint": 50,
        "check-rules": [],
        "actions": [
            {
                "cmd": "level-move-to",
                "mac-addr": "d0:14:11:b0:03:28",
                "endpoint": 4,
                "leve": 0,
                "duration": 50,
                "timeout-ms": 1000,
                "delay-ms": 0
            }
        ]
    },
    {
        "cmd": "switch-off",
        "type": 0,
        "description": "SCU#55",
        "endpoint": 55,
        "check-rules": [],
        "actions": [
            {
                "cmd": "level-move-to",
                "mac-addr": "d0:14:11:b0:03:28",
                "endpoint": 1,
                "leve": 0,
                "duration": 50,
                "timeout-ms": 1000,
                "delay-ms": 0
            }
        ]
    },
    {
        "cmd": "switch-off",
        "type": 0,
        "description": "SCU#56",
        "endpoint": 56,
        "check-rules": [],
        "actions": [
            {
                "cmd": "level-move-to",
                "mac-addr": "d0:14:11:b0:03:28",
                "endpoint": 2,
                "leve": 0,
                "duration": 50,
                "timeout-ms": 1000,
                "delay-ms": 0
            }
        ]
    },
    {
        "cmd": "switch-off",
        "type": 0,
        "description": "SCU#57",
        "endpoint": 57,
        "check-rules": [],
        "actions": [
            {
                "cmd": "level-move-to",
                "mac-addr": "d0:14:11:b0:03:28",
                "endpoint": 3,
                "leve": 0,
                "duration": 50,
                "timeout-ms": 1000,
                "delay-ms": 0
            }
        ]
    },
    {
        "cmd": "switch-off",
        "type": 0,
        "description": "SCU#61",
        "endpoint": 61,
        "check-rules": [],
        "actions": [
            {
                "cmd": "level-move-to",
                "mac-addr": "d0:14:11:b0:03:33",
                "endpoint": 2,
                "leve": 0,
                "duration": 50,
                "timeout-ms": 1000,
                "delay-ms": 0
            }
        ]
    },
    {
        "cmd": "switch-off",
        "type": 0,
        "description": "SCU#62",
        "endpoint": 62,
        "check-rules": [],
        "actions": [
            {
                "cmd": "level-move-to",
                "mac-addr": "d0:14:11:b0:03:33",
                "endpoint": 3,
                "leve": 0,
                "duration": 50,
                "timeout-ms": 1000,
                "delay-ms": 0
            }
        ]
    },
    {
        "cmd": "switch-off",
        "type": 0,
        "description": "SCU#67",
        "endpoint": 67,
        "check-rules": [],
        "actions": [
            {
                "cmd": "level-move-to",
                "mac-addr": "d0:14:11:b0:03:33",
                "endpoint": 2,
                "leve": 0,
                "duration": 50,
                "timeout-ms": 1000,
                "delay-ms": 0
            }
        ]
    },
    {
        "cmd": "switch-off",
        "type": 0,
        "description": "SCU#68",
        "endpoint": 68,
        "check-rules": [],
        "actions": [
            {
                "cmd": "level-move-to",
                "mac-addr": "d0:14:11:b0:03:33",
                "endpoint": 1,
                "leve": 0,
                "duration": 50,
                "timeout-ms": 1000,
                "delay-ms": 0
            }
        ]
    }
]