[
    {
        "cmd": "switch-on",
        "type": 0,
        "description": "Relay#1",
        "endpoint": 1,
        "check-rules": [],
        "actions": [
            {
                "cmd": "switch-off",
                "mac-addr": "D0:14:11:B0:03:0E",
                "endpoint": 88,
                "timeout-ms": 1000,
                "delay-ms": 0
            }
        ]
    },
    {
        "cmd": "switch-off",
        "type": 0,
        "description": "Relay#1",
        "endpoint": 1,
        "check-rules": [],
        "actions": [
            {
                "cmd": "switch-on",
                "mac-addr": "D0:14:11:B0:03:0E",
                "endpoint": 88,
                "timeout-ms": 1000,
                "delay-ms": 0
            }
        ]
    }
]