[
    {
        "cmd": "switch-on",
        "type": 0,
        "description": "Dimmer#1",
        "endpoint": 1,
        "check-rules": [],
        "actions": [
            {
                "cmd": "switch-off",
                "mac-addr": "d0:14:11:b0:03:5c",
                "endpoint": 22,
                "timeout-ms": 1000,
                "delay-ms": 0
            }
        ]
    },
    {
        "cmd": "switch-on",
        "type": 0,
        "description": "Dimmer#2",
        "endpoint": 2,
        "check-rules": [],
        "actions": [
            {
                "cmd": "switch-off",
                "mac-addr": "d0:14:11:b0:03:5c",
                "endpoint": 24,
                "timeout-ms": 1000,
                "delay-ms": 0
            }
        ]
    },
    {
        "cmd": "switch-on",
        "type": 0,
        "description": "Dimmer#3",
        "endpoint": 3,
        "check-rules": [],
        "actions": [
            {
                "cmd": "switch-off",
                "mac-addr": "d0:14:11:b0:03:5c",
                "endpoint": 23,
                "timeout-ms": 1000,
                "delay-ms": 0
            }
        ]
    },
    {
        "cmd": "switch-on",
        "type": 0,
        "description": "Dimmer#4",
        "endpoint": 4,
        "check-rules": [],
        "actions": [
            {
                "cmd": "switch-off",
                "mac-addr": "d0:14:11:b0:03:5c",
                "endpoint": 16,
                "timeout-ms": 1000,
                "delay-ms": 0
            }
        ]
    },
    {
        "cmd": "switch-off",
        "type": 0,
        "description": "Dimmer#1",
        "endpoint": 1,
        "check-rules": [],
        "actions": [
            {
                "cmd": "switch-on",
                "mac-addr": "d0:14:11:b0:03:5c",
                "endpoint": 22,
                "timeout-ms": 1000,
                "delay-ms": 0
            }
        ]
    },
    {
        "cmd": "switch-off",
        "type": 0,
        "description": "Dimmer#2",
        "endpoint": 2,
        "check-rules": [],
        "actions": [
            {
                "cmd": "switch-on",
                "mac-addr": "d0:14:11:b0:03:5c",
                "endpoint": 24,
                "timeout-ms": 1000,
                "delay-ms": 0
            }
        ]
    },
    {
        "cmd": "switch-off",
        "type": 0,
        "description": "Dimmer#3",
        "endpoint": 3,
        "check-rules": [],
        "actions": [
            {
                "cmd": "switch-on",
                "mac-addr": "d0:14:11:b0:03:5c",
                "endpoint": 23,
                "timeout-ms": 1000,
                "delay-ms": 0
            }
        ]
    },
    {
        "cmd": "switch-off",
        "type": 0,
        "description": "Dimmer#4",
        "endpoint": 4,
        "check-rules": [],
        "actions": [
            {
                "cmd": "switch-on",
                "mac-addr": "d0:14:11:b0:03:5c",
                "endpoint": 16,
                "timeout-ms": 1000,
                "delay-ms": 0
            }
        ]
    }
]