[
    {
        "cmd": "switch-on",
        "type": 0,
        "description": "Dimmer#1",
        "endpoint": 1,
        "check-rules": [],
        "actions": [
            {
                "cmd": "switch-off",
                "mac-addr": "D0:14:11:B0:03:0E",
                "endpoint": 34,
                "timeout-ms": 1000,
                "delay-ms": 0
            },
            {
                "cmd": "switch-off",
                "mac-addr": "D0:14:11:B0:03:0E",
                "endpoint": 41,
                "timeout-ms": 1000,
                "delay-ms": 0
            }
        ]
    },
    {
        "cmd": "switch-on",
        "type": 0,
        "description": "Dimmer#2",
        "endpoint": 2,
        "check-rules": [],
        "actions": [
            {
                "cmd": "switch-off",
                "mac-addr": "D0:14:11:B0:03:0E",
                "endpoint": 89,
                "timeout-ms": 1000,
                "delay-ms": 0
            }
        ]
    },
    {
        "cmd": "switch-on",
        "type": 0,
        "description": "Dimmer#3",
        "endpoint": 3,
        "check-rules": [],
        "actions": [
            {
                "cmd": "switch-off",
                "mac-addr": "D0:14:11:B0:03:0E",
                "endpoint": 23,
                "timeout-ms": 1000,
                "delay-ms": 0
            }
        ]
    },
    {
        "cmd": "switch-on",
        "type": 0,
        "description": "Dimmer#4",
        "endpoint": 4,
        "check-rules": [],
        "actions": [
            {
                "cmd": "switch-off",
                "mac-addr": "D0:14:11:B0:03:0E",
                "endpoint": 22,
                "timeout-ms": 1000,
                "delay-ms": 0
            }
        ]
    },
    {
        "cmd": "switch-off",
        "type": 0,
        "description": "Dimmer#1",
        "endpoint": 1,
        "check-rules": [],
        "actions": [
            {
                "cmd": "switch-on",
                "mac-addr": "D0:14:11:B0:03:0E",
                "endpoint": 34,
                "timeout-ms": 1000,
                "delay-ms": 0
            },
            {
                "cmd": "switch-on",
                "mac-addr": "D0:14:11:B0:03:0E",
                "endpoint": 41,
                "timeout-ms": 1000,
                "delay-ms": 0
            }
        ]
    },
    {
        "cmd": "switch-off",
        "type": 0,
        "description": "Dimmer#2",
        "endpoint": 2,
        "check-rules": [],
        "actions": [
            {
                "cmd": "switch-on",
                "mac-addr": "D0:14:11:B0:03:0E",
                "endpoint": 89,
                "timeout-ms": 1000,
                "delay-ms": 0
            }
        ]
    },
    {
        "cmd": "switch-off",
        "type": 0,
        "description": "Dimmer#3",
        "endpoint": 3,
        "check-rules": [],
        "actions": [
            {
                "cmd": "switch-on",
                "mac-addr": "D0:14:11:B0:03:0E",
                "endpoint": 23,
                "timeout-ms": 1000,
                "delay-ms": 0
            }
        ]
    },
    {
        "cmd": "switch-off",
        "type": 0,
        "description": "Dimmer#4",
        "endpoint": 4,
        "check-rules": [],
        "actions": [
            {
                "cmd": "switch-on",
                "mac-addr": "D0:14:11:B0:03:0E",
                "endpoint": 22,
                "timeout-ms": 1000,
                "delay-ms": 0
            }
        ]
    }
]