[
    {
        "cmd": "switch-on",
        "type": 0,
        "description": "Dimmer#1",
        "endpoint": 1,
        "check-rules": [],
        "actions": [
            {
                "cmd": "switch-off",
                "mac-addr": "d0:14:11:b0:03:5b",
                "endpoint": 53,
                "timeout-ms": 1000,
                "delay-ms": 0
            }
        ]
    },
    {
        "cmd": "switch-on",
        "type": 0,
        "description": "Dimmer#2",
        "endpoint": 2,
        "check-rules": [],
        "actions": [
            {
                "cmd": "switch-off",
                "mac-addr": "d0:14:11:b0:03:5b",
                "endpoint": 52,
                "timeout-ms": 1000,
                "delay-ms": 0
            },
            {
                "cmd": "switch-off",
                "mac-addr": "d0:14:11:b0:03:5b",
                "endpoint": 4,
                "timeout-ms": 1000,
                "delay-ms": 0
            }
        ]
    },
    {
        "cmd": "switch-off",
        "type": 0,
        "description": "Dimmer#1",
        "endpoint": 1,
        "check-rules": [],
        "actions": [
            {
                "cmd": "switch-on",
                "mac-addr": "d0:14:11:b0:03:5b",
                "endpoint": 53,
                "timeout-ms": 1000,
                "delay-ms": 0
            }
        ]
    },
    {
        "cmd": "switch-off",
        "type": 0,
        "description": "Dimmer#2",
        "endpoint": 2,
        "check-rules": [],
        "actions": [
            {
                "cmd": "switch-on",
                "mac-addr": "d0:14:11:b0:03:5b",
                "endpoint": 52,
                "timeout-ms": 1000,
                "delay-ms": 0
            },
            {
                "cmd": "switch-on",
                "mac-addr": "d0:14:11:b0:03:5b",
                "endpoint": 4,
                "timeout-ms": 1000,
                "delay-ms": 0
            }
        ]
    }
]